{
    "北京": [
        116.407526,
        39.90403
    ],
    "上海": [
        121.473701,
        31.230416
    ],
    "广州": [
        113.264434,
        23.129162
    ],
    "深圳": [
        114.057868,
        22.543099
    ],
    "杭州": [
        120.15507,
        30.274084
    ],
    "南京": [
        118.796877,
        32.060255
    ],
    "武汉": [
        114.305392,
        30.593098
    ],
    "成都": [
        104.065735,
        30.659462
    ],
    "重庆": [
        106.551556,
        29.563009
    ],
    "西安": [
        108.948024,
        34.263161
    ],
    "天津": [
        117.190186,
        39.125595
    ],
    "济南": [
        117.120098,
        36.6512
    ],
    "青岛": [
        120.382639,
        36.067082
    ],
    "长沙": [
        112.938814,
        28.228209
    ],
    "南昌": [
        115.892151,
        28.676493
    ],
    "福州": [
        119.296494,
        26.074507
    ],
    "厦门": [
        118.089425,
        24.479833
    ],
    "南宁": [
        108.320007,
        22.82402
    ],
    "昆明": [
        102.832891,
        24.880095
    ],
    "贵阳": [
        106.630153,
        26.647661
    ],
    "太原": [
        112.549248,
        37.857014
    ],
    "石家庄": [
        114.514859,
        38.042306
    ],
    "沈阳": [
        123.429096,
        41.796767
    ],
    "长春": [
        125.323544,
        43.817071
    ],
    "哈尔滨": [
        126.534967,
        45.803775
    ],
    "兰州": [
        103.834303,
        36.061089
    ],
    "西宁": [
        101.778228,
        36.617144
    ],
    "银川": [
        106.23248,
        38.48644
    ],
    "乌鲁木齐": [
        87.616848,
        43.825592
    ],
    "呼和浩特": [
        111.75199,
        40.84149
    ],
    "郑州": [
        113.625368,
        34.746599
    ],
    "合肥": [
        117.227239,
        31.820586
    ],
    "南通": [
        120.894291,
        31.980171
    ],
    "苏州": [
        120.585315,
        31.298886
    ],
    "无锡": [
        120.31191,
        31.491169
    ],
    "常州": [
        119.974061,
        31.811226
    ],
    "徐州": [
        117.284124,
        34.205768
    ],
    "扬州": [
        119.412966,
        32.39421
    ],
    "镇江": [
        119.425836,
        32.187849
    ],
    "宁波": [
        121.624928,
        29.86605
    ],
    "温州": [
        120.699366,
        27.994267
    ],
    "绍兴": [
        120.580731,
        30.030071
    ],
    "金华": [
        119.647444,
        29.079059
    ],
    "台州": [
        121.420757,
        28.656386
    ],
    "嘉兴": [
        120.755486,
        30.746129
    ],
    "舟山": [
        122.207215,
        29.985295
    ],
    "丽水": [
        119.922796,
        28.46763
    ],
    "湖州": [
        120.086809,
        30.894348
    ],
    "衢州": [
        118.875842,
        28.941593
    ],
    "泉州": [
        118.675676,
        24.874132
    ],
    "三明": [
        117.638678,
        26.263406
    ],
    "漳州": [
        117.661801,
        24.510897
    ],
    "莆田": [
        119.007558,
        25.454086
    ],
    "南平": [
        118.178459,
        26.641769
    ],
    "龙岩": [
        117.017536,
        25.075123
    ],
    "宁德": [
        119.547932,
        26.665617
    ],
    "赣州": [
        114.935028,
        25.845296
    ],
    "吉安": [
        114.992039,
        27.113848
    ],
    "上饶": [
        117.943433,
        28.454862
    ],
    "抚州": [
        116.358351,
        27.949217
    ],
    "九江": [
        116.00193,
        29.705077
    ],
    "萍乡": [
        113.854556,
        27.622768
    ],
    "新余": [
        114.917346,
        27.817809
    ],
    "宜春": [
        114.416778,
        27.815619
    ],
    "鹰潭": [
        117.069202,
        28.260189
    ],
    "景德镇": [
        117.178036,
        29.268836
    ],
    "烟台": [
        121.447935,
        37.463822
    ],
    "威海": [
        122.12042,
        37.513068
    ],
    "淄博": [
        118.054927,
        36.813487
    ],
    "临沂": [
        118.356448,
        35.104672
    ],
    "潍坊": [
        119.161755,
        36.706774
    ],
    "济宁": [
        116.587099,
        35.414921
    ],
    "泰安": [
        117.087614,
        36.200252
    ],
    "东营": [
        118.674767,
        37.434751
    ],
    "日照": [
        119.526888,
        35.416377
    ],
    "枣庄": [
        117.323725,
        34.810488
    ],
    "德州": [
        116.359381,
        37.436657
    ],
    "聊城": [
        115.985371,
        36.456499
    ],
    "滨州": [
        117.970703,
        37.381732
    ],
    "菏泽": [
        115.480656,
        35.23375
    ],
    "莱芜": [
        117.684667,
        36.233654
    ],
    "洛阳": [
        112.453926,
        34.619682
    ],
    "开封": [
        114.307581,
        34.797239
    ],
    "安阳": [
        114.392392,
        36.097577
    ],
    "新乡": [
        113.9268,
        35.303004
    ],
    "许昌": [
        113.85264,
        34.035506
    ],
    "平顶山": [
        113.192661,
        33.766169
    ],
    "信阳": [
        114.091193,
        32.146212
    ],
    "南阳": [
        112.528308,
        32.990833
    ],
    "周口": [
        114.696951,
        33.626149
    ],
    "三门峡": [
        111.200135,
        34.772493
    ],
    "焦作": [
        113.238266,
        35.23904
    ],
    "漯河": [
        114.016539,
        33.580873
    ],
    "驻马店": [
        114.024736,
        33.011529
    ],
    "商丘": [
        115.656339,
        34.414961
    ],
    "鹤壁": [
        114.297272,
        35.747225
    ],
    "濮阳": [
        115.029215,
        35.761829
    ],
    "包头": [
        109.84, 
        40.65
    ],
    "保定": [
        115.47, 
        38.87
    ],
    "泊头": [
        116.57, 
        38.08
    ],
    "沧州": [
        116.87, 
        38.30
    ],
    "大连": [
        121.62, 
        38.92
    ],
    "鄂尔多斯": [
        109.99, 
        39.82
    ],
    "海口": [
        110.35, 
        20.02
    ],
    "六盘水": [
        104.83, 
        26.60
    ],
    "南充": [
        106.08, 
        30.80
    ],
    "乌海": [
        106.80, 
        39.67
    ],
    "乌兰浩特": [
        122.05, 
        46.07
    ],
    "咸阳": [
        108.72, 
        34.36
    ],
    "延安": [
        109.49, 
        36.59
    ],
    "榆林": [
        109.73, 
        38.28
    ],
    "承德": [
        117.93, 
        40.97
    ]
}